{"pure_pursuit2_0.6_1.0_raceline2_0.3_0.5": {"mean": 77.37366149923965, "std": 2.7904527915442863}, "pure_pursuit2_0.7_0.9_raceline8_0.3_0.5": {"mean": 73.63359408532786, "std": 4.61873543203006}, "pure_pursuit2_0.8_0.95_raceline3_0.3_0.5": {"mean": 76.11480673438429, "std": 3.1518674511279565}, "pure_pursuit2_0.44_0.85_raceline1_0.3_0.5": {"mean": 71.59317494297505, "std": 9.212202914438372}, "pure_pursuit2_0.52_0.9_raceline4_0.3_0.5": {"mean": 60.48474385276496, "std": 15.065358701630174}, "pure_pursuit2_0.65_1.2_centerline_0.3_0.5": {"mean": 77.3033053035886, "std": 3.279835547480278}, "pure_pursuit2_0.68_1.1_raceline8_0.3_0.5": {"mean": 75.65978057811628, "std": 3.6711764179452286}, "pure_pursuit2_0.73_0.95_centerline_0.3_0.5": {"mean": 76.01303744193258, "std": 3.5007459571655968}, "pure_pursuit2_0.73_0.95_raceline4_0.3_0.5": {"mean": 64.0814640576486, "std": 15.498540972595093}, "StochasticContinousFTGAgent_0.5_2_0.7_0.03_0.1_5.0_0.3_0.5": {"mean": 19.414994659411, "std": 9.702879153455115}, "StochasticContinousFTGAgent_0.6_2_0.8_0.03_0.1_5.0_0.3_0.5": {"mean": 20.242972598888947, "std": 9.026041160903738}, "StochasticContinousFTGAgent_0.8_2_0.7_0.03_0.1_5.0_0.3_0.5": {"mean": 20.169844767312284, "std": 9.096881748506416}, "StochasticContinousFTGAgent_1.0_1_0.2_0.03_0.1_5.0_0.3_0.5": {"mean": 63.347150017945104, "std": 5.759630565100058}, "pure_pursuit2_0.4_0.3_raceline4_0.3_0.5": {"mean": 51.272427968289676, "std": 17.91604454831057}, "pure_pursuit2_0.44_0.3_raceline1_0.3_0.5": {"mean": 61.72829664964093, "std": 9.832806488647687}}