{"spearman_corr": 0.5357142857142856, "p_value": 0.03956697222954947, "abs": 27.766697427902095, "abs_std": 20.1531185482587}