{"pure_pursuit2_0.6_1.0_raceline2_0.3_0.5": {"mean": 91.8122710947291, "std": 1.4210854715202004e-14}, "pure_pursuit2_0.7_0.9_raceline8_0.3_0.5": {"mean": 91.8122710947291, "std": 1.4210854715202004e-14}, "pure_pursuit2_0.8_0.95_raceline3_0.3_0.5": {"mean": 91.8122710947291, "std": 1.4210854715202004e-14}, "pure_pursuit2_0.44_0.85_raceline1_0.3_0.5": {"mean": 87.68833553535576, "std": 11.233035800726443}, "pure_pursuit2_0.52_0.9_raceline4_0.3_0.5": {"mean": 78.3147431067955, "std": 20.554132469749895}, "pure_pursuit2_0.65_1.2_centerline_0.3_0.5": {"mean": 91.8122710947291, "std": 1.4210854715202004e-14}, "pure_pursuit2_0.68_1.1_raceline8_0.3_0.5": {"mean": 91.8122710947291, "std": 1.4210854715202004e-14}, "pure_pursuit2_0.73_0.95_centerline_0.3_0.5": {"mean": 91.8122710947291, "std": 1.4210854715202004e-14}, "pure_pursuit2_0.73_0.95_raceline4_0.3_0.5": {"mean": 82.25317966203126, "std": 20.24677346380017}, "StochasticContinousFTGAgent_0.5_2_0.7_0.03_0.1_5.0_0.3_0.5": {"mean": 32.94998429227043, "std": 15.522460951797644}, "StochasticContinousFTGAgent_0.6_2_0.8_0.03_0.1_5.0_0.3_0.5": {"mean": 33.88624588687816, "std": 14.827153384526877}, "StochasticContinousFTGAgent_0.8_2_0.7_0.03_0.1_5.0_0.3_0.5": {"mean": 33.834220292678836, "std": 13.070578380297858}, "StochasticContinousFTGAgent_1.0_1_0.2_0.03_0.1_5.0_0.3_0.5": {"mean": 90.98255407906511, "std": 5.688253275467821}, "pure_pursuit2_0.4_0.3_raceline4_0.3_0.5": {"mean": 84.73192183739843, "std": 17.148420316632535}, "pure_pursuit2_0.44_0.3_raceline1_0.3_0.5": {"mean": 90.4359393812242, "std": 9.634321994534245}}