{"pure_pursuit2_0.6_1.0_raceline2_0.3_0.5": {"mean": 31.59253277723139, "std": 1.9024598782345676}, "pure_pursuit2_0.7_0.9_raceline8_0.3_0.5": {"mean": 36.419263674915214, "std": 1.949470469027032}, "pure_pursuit2_0.8_0.95_raceline3_0.3_0.5": {"mean": 41.61483252166185, "std": 2.188563570637593}, "pure_pursuit2_0.44_0.85_raceline1_0.3_0.5": {"mean": 25.312436474121114, "std": 3.0727398584841668}, "pure_pursuit2_0.52_0.9_raceline4_0.3_0.5": {"mean": 23.91526893157657, "std": 5.479989644520387}, "pure_pursuit2_0.65_1.2_centerline_0.3_0.5": {"mean": 35.45561831881458, "std": 1.881081479193132}, "pure_pursuit2_0.68_1.1_raceline8_0.3_0.5": {"mean": 35.85628068749552, "std": 1.8474981596614544}, "pure_pursuit2_0.73_0.95_centerline_0.3_0.5": {"mean": 39.33862662303574, "std": 1.9508290392817398}, "pure_pursuit2_0.73_0.95_raceline4_0.3_0.5": {"mean": 34.921725514375204, "std": 8.398612680110437}, "StochasticContinousFTGAgent_0.5_2_0.7_0.03_0.1_5.0_0.3_0.5": {"mean": 19.611559558913253, "std": 12.034198682487268}, "StochasticContinousFTGAgent_0.6_2_0.8_0.03_0.1_5.0_0.3_0.5": {"mean": 17.01379375670985, "std": 9.518874941789022}, "StochasticContinousFTGAgent_0.8_2_0.7_0.03_0.1_5.0_0.3_0.5": {"mean": 13.33374903275665, "std": 7.079895851762913}, "StochasticContinousFTGAgent_1.0_1_0.2_0.03_0.1_5.0_0.3_0.5": {"mean": 28.702172658047207, "std": 2.654089889728434}, "pure_pursuit2_0.4_0.3_raceline4_0.3_0.5": {"mean": 19.267258771827276, "std": 4.123834654686138}, "pure_pursuit2_0.44_0.3_raceline1_0.3_0.5": {"mean": 25.712692651188405, "std": 3.3875763585885137}}