{"spearman_corr": -0.22499999999999998, "p_value": 0.420104686907635, "abs": 9.85739087508781, "abs_std": 13.178866915490978}