{"spearman_corr": -0.2928571428571428, "p_value": 0.289471667212401, "abs": 10.30466358049846, "abs_std": 13.820811442113667}