{"spearman_corr": -0.3636475538242132, "p_value": 0.18273450738132171, "abs": 22.255110453178283, "abs_std": 25.746359428376113}