{"pure_pursuit2_0.6_1.0_raceline2_0.3_0.5": {"mean": 32.865035472838066, "std": 4.335498139460825}, "pure_pursuit2_0.7_0.9_raceline8_0.3_0.5": {"mean": 35.535825794969384, "std": 5.672668364437181}, "pure_pursuit2_0.8_0.95_raceline3_0.3_0.5": {"mean": 39.6792323504777, "std": 4.102334023636788}, "pure_pursuit2_0.44_0.85_raceline1_0.3_0.5": {"mean": 26.982518737738918, "std": 4.979986982293269}, "pure_pursuit2_0.52_0.9_raceline4_0.3_0.5": {"mean": 23.972305790370502, "std": 6.632585683645601}, "pure_pursuit2_0.65_1.2_centerline_0.3_0.5": {"mean": 36.49488882281501, "std": 4.448519914732824}, "pure_pursuit2_0.68_1.1_raceline8_0.3_0.5": {"mean": 34.233962947288525, "std": 4.411271215595079}, "pure_pursuit2_0.73_0.95_centerline_0.3_0.5": {"mean": 39.818420568613654, "std": 4.866994116270917}, "pure_pursuit2_0.73_0.95_raceline4_0.3_0.5": {"mean": 36.7341960129446, "std": 10.267619606532847}, "StochasticContinousFTGAgent_0.5_2_0.7_0.03_0.1_5.0_0.3_0.5": {"mean": 15.770513822256799, "std": 11.441004737331324}, "StochasticContinousFTGAgent_0.6_2_0.8_0.03_0.1_5.0_0.3_0.5": {"mean": 14.39960934707548, "std": 9.249323524851347}, "StochasticContinousFTGAgent_0.8_2_0.7_0.03_0.1_5.0_0.3_0.5": {"mean": 14.934192555075292, "std": 6.287583671522573}, "StochasticContinousFTGAgent_1.0_1_0.2_0.03_0.1_5.0_0.3_0.5": {"mean": 26.05398413426809, "std": 4.543398102036525}, "pure_pursuit2_0.4_0.3_raceline4_0.3_0.5": {"mean": 15.882847359465957, "std": 5.153865405615769}, "pure_pursuit2_0.44_0.3_raceline1_0.3_0.5": {"mean": 23.53864504982854, "std": 3.8966527144997727}}