{"pure_pursuit2_0.6_1.0_raceline2_0.3_0.5": {"mean": 31.24599433256932, "std": 1.8864897311222473}, "pure_pursuit2_0.7_0.9_raceline8_0.3_0.5": {"mean": 36.01938798008976, "std": 1.9271322016466228}, "pure_pursuit2_0.8_0.95_raceline3_0.3_0.5": {"mean": 41.1589076332349, "std": 2.159929447449959}, "pure_pursuit2_0.44_0.85_raceline1_0.3_0.5": {"mean": 25.021037076058843, "std": 3.079372564841882}, "pure_pursuit2_0.52_0.9_raceline4_0.3_0.5": {"mean": 23.596240072343, "std": 5.498445982791653}, "pure_pursuit2_0.65_1.2_centerline_0.3_0.5": {"mean": 35.06678230667243, "std": 1.861950144140461}, "pure_pursuit2_0.68_1.1_raceline8_0.3_0.5": {"mean": 35.461575010681194, "std": 1.8285889577644787}, "pure_pursuit2_0.73_0.95_centerline_0.3_0.5": {"mean": 38.90778692098069, "std": 1.9259750694564344}, "pure_pursuit2_0.73_0.95_raceline4_0.3_0.5": {"mean": 34.483363066110414, "std": 8.423824511126023}, "StochasticContinousFTGAgent_0.5_2_0.7_0.03_0.1_5.0_0.3_0.5": {"mean": 18.91291542872614, "std": 11.986050750229465}, "StochasticContinousFTGAgent_0.6_2_0.8_0.03_0.1_5.0_0.3_0.5": {"mean": 16.426265143250728, "std": 9.495465694635033}, "StochasticContinousFTGAgent_0.8_2_0.7_0.03_0.1_5.0_0.3_0.5": {"mean": 12.912817385797826, "std": 7.033712533148222}, "StochasticContinousFTGAgent_1.0_1_0.2_0.03_0.1_5.0_0.3_0.5": {"mean": 28.38421453367769, "std": 2.644786542496685}, "pure_pursuit2_0.4_0.3_raceline4_0.3_0.5": {"mean": 19.03818183420903, "std": 4.110184194811039}, "pure_pursuit2_0.44_0.3_raceline1_0.3_0.5": {"mean": 25.42897614328675, "std": 3.370384975653359}}